{"cameraMode":{"drawMode":0,"name":"Shaded","section":"Shading Mode"},"sceneLighting":false,"audioPlay":false,"sceneViewState":{"showFog":true,"showMaterialUpdate":false,"showSkybox":false,"showFlares":true,"showImageEffects":true,"showParticleSystems":true},"in2DMode":false,"pivot":{"x":-2.357335329055786,"y":3.2180116176605226,"z":-13.704944610595704},"rotation":{"x":-0.2091904580593109,"y":0.23977260291576386,"z":-0.05300288647413254,"w":-0.946548342704773},"size":4.435358047485352,"orthographic":false}