{"cameraMode":{"drawMode":0,"name":"Shaded","section":"Shading Mode"},"sceneLighting":true,"audioPlay":false,"sceneViewState":{"showFog":true,"showMaterialUpdate":false,"showSkybox":true,"showFlares":true,"showImageEffects":true,"showParticleSystems":true},"in2DMode":false,"pivot":{"x":-0.0000012516975402832032,"y":0.9010657072067261,"z":8.675056457519532},"rotation":{"x":-0.05542023107409477,"y":-0.04731371998786926,"z":0.002619235310703516,"w":-0.9973457455635071},"size":8.744163513183594,"orthographic":false}