{"cameraMode":{"drawMode":0,"name":"Shaded","section":"Shading Mode"},"sceneLighting":false,"audioPlay":false,"sceneViewState":{"showFog":true,"showMaterialUpdate":false,"showSkybox":false,"showFlares":true,"showImageEffects":true,"showParticleSystems":true},"in2DMode":false,"pivot":{"x":-0.18760812282562257,"y":1.4344565868377686,"z":-0.0592445470392704},"rotation":{"x":-0.046039432287216189,"y":0.9535373449325562,"z":-0.22458209097385407,"w":-0.1954755336046219},"size":4.094371318817139,"orthographic":false}